"ids"	"fc\"treatedVSuntreated\""	"p\"treatedVSuntreated\""	"q\"treatedVSuntreated\""	"meanExpr\"treatedVSuntreated\""	"meanExprE\"treatedVSuntreated\""	"meanExprC\"treatedVSuntreated\""	"fcSE\"treatedVSuntreated\""	"stat\"treatedVSuntreated\""	"treated1fb"	"treated2fb"	"treated3fb"	"untreated1fb"	"untreated2fb"	"untreated3fb"
"FBgn0000017"	-0.089762947617097	0.231651526406246	0.694954579218739	2497.01823900207	2422.46744764521	2571.56903035892	0.0750453904077991	-1.19611540601391	2327.92096462618	2476.32658731461	2463.15479099485	2476.32658731461	2762.05391644755	2476.32658731461
"FBgn0000018"	0.24464135329119	0.163751343890488	0.694954579218739	234.641838431722	241.629979318798	227.653697544646	0.17567678087086	1.39256509641434	269.533365530925	222.158485704062	233.198086721406	291.690002922947	229.223542795105	162.047546915886
"FBgn0000003"	0.173423629555193	0.506157373206606	0.936186722706546	0.220831521516483	0.441663043032965	0	0.260852957152755	0.664832906048432	0	0	1.3249891290989	0	0	0
"FBgn0000008"	0.0739852603530541	0.801427851673132	0.936186722706546	57.7607611869444	60.692555795028	54.8289665788608	0.294176423509926	0.25149962553188	56.9745325512525	68.1286022825789	56.9745325512525	47.6021879770088	53.2660451925962	63.6186665669773
"FBgn0000014"	0.0395462104326942	0.898687817257531	0.936186722706546	0.443539608234841	0.486961816677372	0.40011739979231	0.310606971382507	0.127319133426641	1.46088545003212	0	0	0	0	1.20035219937693
"FBgn0000015"	0.0312466864785003	0.936186722706546	0.936186722706546	0.642379823882723	0.685143951371651	0.599615696393794	0.390273619763955	0.0800635372111467	0.730442725016058	0	1.3249891290989	0	0.598494889804452	1.20035219937693
