chr	start	end	pvalue	pvalueadj	common	size	genes
21	33043346	40693485	1.29953652605991e-05	0.000363870227296774	8	183	ENSG00000142197,ENSG00000142207,ENSG00000156304,ENSG00000157538,ENSG00000159140,ENSG00000159267,ENSG00000182670,ENSG00000185658
21	37529080	38640262	0.000263329619699172	0.00169741193988483	4	35	ENSG00000142197,ENSG00000157538,ENSG00000159267,ENSG00000182670
21	38123189	38640262	0.000535364099605565	0.00214145639842226	3	17	ENSG00000157538,ENSG00000159267,ENSG00000182670
21	38445526	38640262	0.00211528179542307	0.00493565752265383	2	7	ENSG00000157538,ENSG00000182670
21	33043346	33765335	0.00882133247274414	0.0129998583808861	2	14	ENSG00000142207,ENSG00000156304
